timestamp,lat,lon,sog,cog,is_dead_reckoned,mmsi,ship_type,ship_type_name,vessel_name,nav_status,position_accuracy,true_heading
2025-09-26 15:05:44.248676,55.539774198393744,20.885108239387133,10.286103841664644,239.28928512410155,False,100000302,Fishing,Fishing,FV Central Ocean,6,1,231.51114791829298
2025-09-26 15:05:44.248676,55.66995691507703,21.144814158609247,9.760629593380278,244.74841123856768,False,100000302,Fishing,Fishing,RV Current 3,3,1,251.02543517516628
2025-09-26 15:05:44.248676,55.60495231576365,21.01548952355647,10.043183528660936,244.4722712817393,False,100000302,Fishing,Fishing,FV East Fisher,3,0,240.1887909976545
2025-09-26 15:18:08.621560,55.587662370892545,20.982797026893802,9.423373991936055,239.93401145018674,False,100000302,Fishing,Fishing,FV Fisher 3,0,0,243.90059022129077
2025-09-26 15:18:08.621560,55.52191420870307,20.85300642093464,10.47303023631561,238.6735450371158,False,100000302,Fishing,Fishing,RV Coastal Catch,1,0,235.8739503288734
2025-09-26 15:18:08.621560,55.65174156580543,21.1113063302591,9.585615526402098,247.30775972695656,False,100000302,Fishing,Fishing,RV Catch 3,1,1,243.19982424378395
2025-09-26 15:30:32.994443,55.57073868249195,20.950109829103283,10.907246972230022,242.6044530954071,False,100000302,Fishing,Fishing,FV Coastal Catch,11,1,245.02511810393915
2025-09-26 15:30:32.994443,55.50671050407489,20.820378993946292,12.186518331873012,241.82025220333287,False,100000302,Fishing,Fishing,FV West Wave,5,0,239.30602716463986
2025-09-26 15:30:32.994443,,,11.21931891670446,241.95046476183168,True,100000302,Fishing,Fishing,RV North Fisher,5,0,238.11378867525576
2025-09-26 15:42:57.367327,55.5548963550758,20.917644333951706,12.126394578699728,241.11775082716684,False,100000302,Fishing,Fishing,FV Catch 3,9,0,236.84757929874448
2025-09-26 15:42:57.367327,55.61946050740774,21.04715645941034,9.523854900812312,243.52983422411228,False,100000302,Fishing,Fishing,FV Fleet 3,13,1,248.78109960645602
2025-09-26 15:42:57.367327,,,9.947625817451097,245.98118759293587,True,100000302,Fishing,Fishing,RV West Wave,14,0,239.93046398970606
2025-09-26 15:55:21.740210,55.53953724759508,20.88365705647669,12.173302113493165,239.12473761942667,False,100000302,Fishing,Fishing,RV West Catch,11,1,237.37261854677638
2025-09-26 15:55:21.740210,55.474889099885736,20.755383009955153,9.065873101907323,241.311018883911,False,100000302,Fishing,Fishing,FV Baltic Wave,13,1,250.89714561101724
2025-09-26 15:55:21.740210,55.604952138093104,21.013700731538528,10.870947784679915,239.69603600097878,False,100000302,Fishing,Fishing,FV Central Fleet,13,0,243.86074994618426
2025-09-26 16:05:47.709621,55.66276452763282,21.08675607910324,10.808825335911836,252.5349797358613,False,100000405,Pleasure craft,Pleasure craft,SY Freedom 6,6,0,251.8577458917991
2025-09-26 16:05:47.709621,55.6282788886102,20.98074170830761,10.066002002844861,250.19149131278286,False,100000405,Pleasure craft,Pleasure craft,MY Spirit 6,0,0,250.61946931600403
2025-09-26 16:05:47.709621,55.698398133463954,21.19041760787804,9.67445171924119,253.72182903919278,False,100000405,Pleasure craft,Pleasure craft,MY Wave 6,1,0,259.1824192807132
2025-09-26 16:16:53.967762,55.654029725554246,21.059291249748302,10.404285333952117,249.56247294535146,False,100000405,Pleasure craft,Pleasure craft,SY Baltic Wave,13,1,249.46701376160257
2025-09-26 16:16:53.967762,55.619230101887936,20.955191462425475,7.3162064862165685,253.50345012873524,False,100000405,Pleasure craft,Pleasure craft,MY Sea 6,5,0,252.58472642027286
2025-09-26 16:16:53.967762,,,8.420333499597694,247.58616431845593,True,100000405,Pleasure craft,Pleasure craft,MY Central Wind,11,1,243.51694957370927
2025-09-26 16:28:00.225904,55.68128287553056,21.13925209747979,10.720555647365858,253.73931269207398,False,100000405,Pleasure craft,Pleasure craft,MY North Ocean,6,1,259.2727778053304
2025-09-26 16:28:00.225904,,,9.56280407850992,249.73515789996037,True,100000405,Pleasure craft,Pleasure craft,SY East Wave,3,1,252.67190644894131
2025-09-26 16:28:00.225904,55.61043914232697,20.929087883999152,9.761309090156045,255.30732070982876,False,100000405,Pleasure craft,Pleasure craft,MY Sea 6,2,0,261.8958680184425
2025-09-26 16:39:06.484045,55.60505598093101,20.889583502803298,7.433275979803804,256.43604599963606,True,100000405,Pleasure craft,Pleasure craft,MY Central Spirit,12,0,253.38636126472693
2025-09-26 16:39:06.484045,55.6378291242777,21.007812747992958,7.362440489730444,251.11090391738603,False,100000405,Pleasure craft,Pleasure craft,MY Dream 6,2,1,254.92889336158635
2025-09-26 16:39:06.484045,,,7.757871588889548,254.13004988913357,True,100000405,Pleasure craft,Pleasure craft,SY Dream 6,7,0,252.22509626411747
2025-09-26 16:50:12.742187,55.593152412197774,20.877124339538558,9.369413605124274,253.68415686951354,False,100000405,Pleasure craft,Pleasure craft,MY Wind 6,6,0,246.32406027937532
2025-09-26 16:50:12.742187,55.66315464511657,21.086152971167575,9.353951763571821,255.12865625633935,False,100000405,Pleasure craft,Pleasure craft,SY North Spirit,8,1,247.0847728433588
2025-09-26 16:50:12.742187,55.62761895234492,20.981566356740494,8.80102909537677,254.37859927433507,False,100000405,Pleasure craft,Pleasure craft,MY Baltic Dream,2,1,255.40419119118096
2025-09-26 17:32:36.719106,55.63232336254646,21.149836791497805,11.024079783871631,241.8544216293821,False,100000007,Cargo,Cargo,SS East Trade,9,0,244.10858064209026
2025-09-26 17:32:36.719106,55.50728000882882,20.89958107132263,11.930744287960307,243.79600908837068,False,100000007,Cargo,Cargo,SS West Express,9,0,236.31836616493445
2025-09-26 17:32:36.719106,55.38170929476128,20.647729802905268,12.739779056943638,239.4557572872213,False,100000007,Cargo,Cargo,MS Coastal Express,4,1,246.6442189440241
2025-09-26 17:43:57.000057,55.61476338886959,21.11434785866035,11.213619562587287,243.97008122025835,False,100000007,Cargo,Cargo,MV East Merchant,12,1,251.61830318351798
2025-09-26 17:43:57.000057,55.49014135367322,20.863363189922115,14.023756843892366,241.9967982686321,False,100000007,Cargo,Cargo,MS Express 8,1,0,245.2164210575855
2025-09-26 17:43:57.000057,55.36434506676141,20.611791179601894,13.2862591846097,247.47368230110374,False,100000007,Cargo,Cargo,SS Freight 8,15,0,243.1478388929722
2025-09-26 17:55:17.281007,55.47153733669323,20.827346509644094,12.503664337476918,246.83511957801824,False,100000007,Cargo,Cargo,SS Coastal Trade,12,1,256.48954097855756
2025-09-26 17:55:17.281007,55.596081825909195,21.076998416638148,14.608923592921784,242.54077147808712,False,100000007,Cargo,Cargo,SS Express 8,10,0,243.65069353917235
2025-09-26 17:55:17.281007,55.34496544663287,20.575683336906422,13.8851741944123,238.6224374775305,False,100000007,Cargo,Cargo,MS Freight 8,11,1,242.35622895262475
2025-09-26 18:06:37.561958,55.4527701569944,20.792207499341373,11.780888500775552,242.14786138104245,False,100000007,Cargo,Cargo,MS Carrier 8,3,0,245.49741070069783
2025-09-26 18:06:37.561958,55.327574272214115,20.5415661616012,12.83328849220074,241.44342945735679,False,100000007,Cargo,Cargo,MV East Transport,13,0,234.00299081717222
2025-09-26 18:06:37.561958,55.577932050267165,21.041881192600467,13.454760888979699,238.69274447854687,False,100000007,Cargo,Cargo,MS Express 8,2,1,231.11348383617303
2025-09-26 18:17:57.842908,55.55989125557879,21.00533765464958,13.811826933775334,240.46159780161707,False,100000007,Cargo,Cargo,MV Cargo 8,10,0,238.3256403524968
2025-09-26 18:17:57.842908,55.43632068719487,20.756183002394973,11.19529404870858,246.42889036899103,False,100000007,Cargo,Cargo,MS Express 8,2,1,246.68664204504776
2025-09-26 18:17:57.842908,,,13.54446169296487,246.702867862699,True,100000007,Cargo,Cargo,SS West Merchant,7,1,248.0460819283613
2025-09-26 18:29:18.123859,55.54288701045207,20.969937441393277,14.245135527917398,242.08714560784364,False,100000007,Cargo,Cargo,SS Express 8,6,1,238.9404175385023
2025-09-26 18:29:18.123859,55.29164656719334,20.469112022722545,14.261275900449128,243.97513399850055,False,100000007,Cargo,Cargo,MV Baltic Transport,15,1,240.06165754674117
2025-09-26 18:29:18.123859,55.41675653216257,20.72012654294901,12.66309505890439,244.40523769435768,False,100000007,Cargo,Cargo,MS West Merchant,10,0,237.12570885905058
2025-09-26 18:39:29.300936,55.609652211613565,21.033893199417932,13.297665713464417,247.72295102729905,False,100000005,Cargo,Cargo,SS Trade 6,2,1,238.28095013487177
2025-09-26 18:39:29.300936,55.52926895888975,20.794795272991827,13.317368506658013,252.50541185716904,False,100000005,Cargo,Cargo,MS West Commerce,7,1,242.99162253446556
2025-09-26 18:39:29.300936,55.45080785086078,20.555413556291455,12.329911035561258,255.7251990724199,False,100000005,Cargo,Cargo,MV Express 6,0,0,249.37288273849808
2025-09-26 18:40:38.404810,55.400398743624756,20.684201824988577,11.775203401154533,241.76711562891632,False,100000007,Cargo,Cargo,MS Carrier 8,11,0,244.1911889774277
2025-09-26 18:40:38.404810,55.27456307169161,20.434347320463363,14.148063381686509,247.19804531435202,False,100000007,Cargo,Cargo,MV Merchant 8,2,1,253.4152349430052
2025-09-26 18:40:38.404810,,,14.311148032801237,245.19985183765004,True,100000007,Cargo,Cargo,MV Commerce 8,11,0,238.8169920312798
2025-09-26 18:41:34.707777,55.78406083775814,21.180146364343667,14.24090654762466,130.37587995998388,False,100000304,Fishing,Fishing,RV Current 5,13,1,132.62607487417648
2025-09-26 18:41:34.707777,55.52370660918434,21.441433545357384,13.99098585508094,133.82566027245798,False,100000304,Fishing,Fishing,RV Baltic Wave,12,0,139.1591061164282
2025-09-26 18:41:34.707777,55.65315787649272,21.31042734065816,13.687138836060932,136.65823096607724,False,100000304,Fishing,Fishing,FV North Ocean,4,0,141.1845402047838
2025-09-26 18:50:48.606456,55.51732406282493,20.755076132209606,14.366781161730163,251.58595493157972,False,100000005,Cargo,Cargo,MS Baltic Freight,13,1,245.4834313173971
2025-09-26 18:50:48.606456,55.595763376401905,20.993833132828026,11.739665052865028,251.1760746594584,False,100000005,Cargo,Cargo,MV East Freight,6,0,242.07061035174948
2025-09-26 18:50:48.606456,55.43661642379912,20.514761273849704,13.758338727234454,254.38073819266353,False,100000005,Cargo,Cargo,SS North Carrier,9,0,250.2098607380177
2025-09-26 18:51:58.685760,55.38213271487047,20.64905906075277,13.267886924422253,243.51875447535457,False,100000007,Cargo,Cargo,MS Carrier 8,10,0,241.70366181449154
2025-09-26 18:51:58.685760,55.25645047995528,20.397157087145757,12.478810025150493,242.34222575616752,False,100000007,Cargo,Cargo,MS Trade 8,12,1,239.90685263080022
2025-09-26 18:51:58.685760,55.506407113607466,20.898970424106157,14.363676323637986,243.1468769254893,False,100000007,Cargo,Cargo,MS East Freight,1,0,250.47212347257525
2025-09-26 18:53:52.828165,55.48982919796804,21.47469130623554,14.87040271067439,132.22539123476764,False,100000304,Fishing,Fishing,RV Marine 5,3,1,124.51276452174781
2025-09-26 18:53:52.828165,,,14.197703591186043,130.30578678291815,True,100000304,Fishing,Fishing,FV Fleet 5,9,0,123.40470255263264
2025-09-26 18:53:52.828165,,,14.595296193228219,134.4541243242985,True,100000304,Fishing,Fishing,FV Baltic Sea,8,0,132.17145370817713
2025-09-26 19:02:07.911975,55.50291803696534,20.714719656171106,14.24732232847118,251.46134856064756,False,100000005,Cargo,Cargo,MV West Commerce,3,1,241.49732660316275
2025-09-26 19:02:07.911975,55.583350348309914,20.953555023617724,11.64497359356691,250.37769602973782,False,100000005,Cargo,Cargo,MS Central Commerce,8,1,256.8459845719757
2025-09-26 19:02:07.911975,55.4243315616878,20.474216452530136,13.135979059864804,253.61589995279377,False,100000005,Cargo,Cargo,MS Trade 6,5,0,247.8022812771486
2025-09-26 19:06:10.948552,55.718828767855896,21.247040311868087,12.596107460287763,133.48947005339176,False,100000304,Fishing,Fishing,FV Baltic Current,14,0,141.35126953505252
2025-09-26 19:06:10.948552,55.58934180928268,21.37610963746586,12.366683616643563,133.05964468293698,False,100000304,Fishing,Fishing,RV Sea 5,11,1,126.97588363129371
2025-09-26 19:06:10.948552,55.45854409151176,21.50700351802436,14.275855801495226,134.71893894099836,False,100000304,Fishing,Fishing,RV West Fisher,13,1,129.81552945361855
2025-09-26 19:13:27.217495,55.41087322838318,20.434274126931903,14.379418946361424,256.46238968444163,False,100000005,Cargo,Cargo,MV Merchant 6,6,0,255.56470016818858
2025-09-26 19:13:27.217495,55.57037846962898,20.913865663934754,11.869923077801833,253.40617552141825,False,100000005,Cargo,Cargo,MS Cargo 6,3,0,248.754171721138
2025-09-26 19:13:27.217495,55.48941693981172,20.67461763016719,14.43879952430039,250.74174437207125,False,100000005,Cargo,Cargo,MS Commerce 6,10,0,252.8132777589617
2025-09-26 19:18:29.068940,55.55526527023396,21.409939948568454,14.729014942794612,133.35754110644933,False,100000304,Fishing,Fishing,FV Sea 5,13,0,138.42446082974033
2025-09-26 19:18:29.068940,55.68759842170504,21.27938594078157,14.235573194955487,136.13087498008875,False,100000304,Fishing,Fishing,FV Sea 5,12,1,134.1678804953691
2025-09-26 19:18:29.068940,55.424726772938925,21.539922169308017,14.073002264430482,133.921085260628,False,100000304,Fishing,Fishing,FV Current 5,4,0,133.77957695066516
2025-09-26 19:24:46.523015,55.55569006764108,20.873123772470326,14.169670967046653,250.2931173960043,False,100000005,Cargo,Cargo,SS Merchant 6,13,1,243.75390365169005
2025-09-26 19:24:46.523015,,,12.899588972388576,255.74178251316337,True,100000005,Cargo,Cargo,SS Transport 6,0,1,259.84712077766835
2025-09-26 19:24:46.523015,55.397650008026176,20.395220419760733,12.935071306047146,252.26550323957986,False,100000005,Cargo,Cargo,MV West Merchant,2,0,255.18810608555805
2025-09-26 19:30:47.189327,55.39306047847719,21.571832728086783,12.7030508396552,130.23887030138286,False,100000304,Fishing,Fishing,RV Ocean 5,6,1,124.4552659889675
2025-09-26 19:30:47.189327,55.52326946598361,21.442947288486863,13.455455717171176,136.73741438004737,False,100000304,Fishing,Fishing,RV Central Current,8,0,145.98791139490314
2025-09-26 19:30:47.189327,55.65370655164848,21.31193926022709,13.091317667366631,139.7781536631091,False,100000304,Fishing,Fishing,RV Current 5,7,0,139.9058541137219
2025-09-26 19:36:05.828535,55.463513897121764,20.59429434519475,14.828214007992763,249.46796283043682,False,100000005,Cargo,Cargo,SS South Merchant,7,0,240.85820051842686
2025-09-26 19:36:05.828535,,,13.68723071922267,252.38439809936858,True,100000005,Cargo,Cargo,MV Carrier 6,9,0,244.78763185044178
2025-09-26 19:36:05.828535,,,13.627399955794736,248.80274702880195,True,100000005,Cargo,Cargo,MS West Express,14,1,248.885466548505
2025-09-26 19:42:03.026794,,,11.015851478422103,247.41730496158365,True,100000400,Pleasure craft,Pleasure craft,SY Wave 1,3,0,245.8418990962962
2025-09-26 19:42:03.026794,55.63288683423166,21.088597907686204,10.42096327945101,255.7107969613161,False,100000400,Pleasure craft,Pleasure craft,SY East Freedom,1,0,249.3747662105018
2025-09-26 19:42:03.026794,55.61415439426386,21.033381151306966,9.285640991918092,246.88555001946946,False,100000400,Pleasure craft,Pleasure craft,SY Ocean 1,7,0,241.17855666820697
2025-09-26 19:47:25.134054,55.44988553080707,20.555417731641807,13.150679466475864,248.58274760312742,False,100000005,Cargo,Cargo,MV Merchant 6,8,0,254.62426271592494
2025-09-26 19:47:25.134054,,,11.81475003158354,253.71742077787238,True,100000005,Cargo,Cargo,MS East Trade,13,1,253.24384310189453
2025-09-26 19:47:25.134054,55.52947151682102,20.79393241820421,14.410560720598953,247.67294872458191,False,100000005,Cargo,Cargo,MV Coastal Commerce,5,1,247.88378535221884
2025-09-26 19:47:30.042198,55.629661590117074,21.074568405256606,9.909276573202709,253.82057193995132,False,100000400,Pleasure craft,Pleasure craft,SY West Wave,6,0,250.92742157663147
2025-09-26 19:47:30.042198,55.592756363279776,20.962319501010686,9.267727808764835,251.2549170135711,False,100000400,Pleasure craft,Pleasure craft,MY Baltic Sea,9,1,242.3209713367262
2025-09-26 19:47:30.042198,55.609755493923906,21.01906588698966,9.31675740546723,249.22957762261385,False,100000400,Pleasure craft,Pleasure craft,SY Adventure 1,4,1,248.08240568090233
2025-09-26 19:52:57.057602,55.58791487465351,20.948334922683763,10.42760610752759,253.70841764943407,False,100000400,Pleasure craft,Pleasure craft,MY South Wave,13,1,246.2241058478701
2025-09-26 19:52:57.057602,55.60590317988284,21.004891312672857,9.012716838266982,247.26371602528891,False,100000400,Pleasure craft,Pleasure craft,SY Adventure 1,12,1,248.69440139017271
2025-09-26 19:52:57.057602,55.62446081478266,21.061303740837094,11.607821084963984,248.40414961561635,False,100000400,Pleasure craft,Pleasure craft,MY Dream 1,15,1,251.62420785033268
2025-09-26 19:58:24.073007,55.61891349507088,21.047448561221277,9.295330439865015,251.89870936225017,False,100000400,Pleasure craft,Pleasure craft,SY East Sea,1,0,244.8522782038847
2025-09-26 19:58:24.073007,55.58343588946218,20.93557988425707,9.551784668185237,247.42971765208233,False,100000400,Pleasure craft,Pleasure craft,SY Coastal Spirit,12,0,247.079406845086
2025-09-26 19:58:24.073007,55.60140710741455,20.992083957310815,10.831127447009518,248.40877164398648,False,100000400,Pleasure craft,Pleasure craft,MY Adventure 1,1,1,254.21328353385553
2025-09-26 20:03:51.088411,55.57760540326614,20.921443245878525,10.748221688902428,246.70035872613758,False,100000400,Pleasure craft,Pleasure craft,SY Spirit 1,10,0,254.52548287890113
2025-09-26 20:03:51.088411,,,10.542787146372575,252.98029974313673,True,100000400,Pleasure craft,Pleasure craft,SY Wind 1,9,1,244.36600007243933
2025-09-26 20:03:51.088411,,,9.510225960965265,251.56648964198752,True,100000400,Pleasure craft,Pleasure craft,SY Baltic Dream,4,1,255.39940516398673
2025-09-26 20:08:42.000318,55.796818156551375,21.118530781752018,10.458938797095138,240.20561824256743,False,100000402,Pleasure craft,Pleasure craft,SY Coastal Dream,0,1,242.52939661729565
2025-09-26 20:08:42.000318,55.726194964879305,20.975739100684574,11.442015668978707,245.85905205610024,False,100000402,Pleasure craft,Pleasure craft,SY Spirit 3,6,0,239.96248446620098
2025-09-26 20:08:42.000318,55.65463463516486,20.831615032376646,10.496297147657078,242.90652672077863,False,100000402,Pleasure craft,Pleasure craft,SY Sea 3,4,0,234.9971586241488
2025-09-26 20:21:02.532043,55.63681773791453,20.79585105330932,9.872784720458244,239.80873762100612,False,100000402,Pleasure craft,Pleasure craft,SY Wave 3,0,1,238.95106678216922
2025-09-26 20:21:02.532043,55.778784122529316,21.08383333454854,13.311186583784865,239.9004185935027,False,100000402,Pleasure craft,Pleasure craft,MY Wind 3,9,0,243.33425518265798
2025-09-26 20:21:02.532043,55.70761333847497,20.94064365619429,10.52660627741625,239.4948094775191,False,100000402,Pleasure craft,Pleasure craft,SY South Dream,15,1,244.28821288560601
2025-09-26 20:27:36.237411,,,14.25970062579144,137.05747716089527,True,100000401,Pleasure craft,Pleasure craft,MY Adventure 2,13,0,135.02077382918776
2025-09-26 20:27:36.237411,,,16.277463626506723,135.99180436220212,True,100000401,Pleasure craft,Pleasure craft,MY Wave 2,7,0,142.96084128955636
2025-09-26 20:27:36.237411,55.71337930820404,21.111737809703875,17.696045033144394,139.9462881090796,False,100000401,Pleasure craft,Pleasure craft,SY Dream 2,12,1,147.64281459745342
2025-09-26 20:33:23.063768,55.76083010731652,21.046920437045653,13.6357649206448,241.99240866386282,False,100000402,Pleasure craft,Pleasure craft,SY South Wave,8,0,237.47104299285627
2025-09-26 20:33:23.063768,55.61879181227392,20.76082610641183,10.075902694344654,243.9540994672386,False,100000402,Pleasure craft,Pleasure craft,MY South Freedom,5,0,237.12198636265447
2025-09-26 20:33:23.063768,,,12.061487319614919,241.999894681627,True,100000402,Pleasure craft,Pleasure craft,SY West Ocean,5,0,247.04712234715055
2025-09-26 20:37:40.151131,55.366789530942064,21.45883446998921,16.055183098252147,136.78223058375187,False,100000401,Pleasure craft,Pleasure craft,MY South Freedom,15,1,135.35898432343663
2025-09-26 20:37:40.151131,55.524525987413014,21.301714907141516,15.213500484608907,134.9221066598392,False,100000401,Pleasure craft,Pleasure craft,MY Freedom 2,10,1,144.70321967004685
2025-09-26 20:37:40.151131,55.680674910044566,21.143111460783352,14.491827767377488,134.3456139086565,False,100000401,Pleasure craft,Pleasure craft,SY Sea 2,3,0,128.2014141728516
2025-09-26 20:41:55.868514,55.7677037151839,21.182019509470678,14.292264260610331,249.88816816389203,False,100000002,Cargo,Cargo,MV Central Cargo,14,1,248.42952546671543
2025-09-26 20:41:55.868514,55.618190958628105,20.733724178279928,14.194705815247959,252.52446420156346,False,100000002,Cargo,Cargo,MV Freight 3,1,1,249.02034437029863
2025-09-26 20:41:55.868514,55.69337518721502,20.95708463287101,11.476809546716025,247.40505168237203,False,100000002,Cargo,Cargo,MS South Commerce,0,1,250.9656019300183
2025-09-26 20:45:43.595493,55.7436468662567,21.010834115220973,10.936071352330268,246.71911437976195,False,100000402,Pleasure craft,Pleasure craft,SY Coastal Ocean,11,1,246.63564187424086
2025-09-26 20:45:43.595493,55.600638728157044,20.723900727001663,12.503785657862373,239.3732485105651,False,100000402,Pleasure craft,Pleasure craft,MY Sea 3,3,0,234.71036943307965
2025-09-26 20:45:43.595493,55.67258866186826,20.86906289266377,10.63702686176197,239.54832551964373,False,100000402,Pleasure craft,Pleasure craft,MY West Wind,8,1,237.00826458542406
2025-09-26 20:46:11.907575,55.77540078260437,21.0038779055511,11.694208347741826,299.57447589802894,False,100000101,Tanker,Tanker,ATB Fuel 2,6,0,302.2527506288086
2025-09-26 20:46:11.907575,55.912043746809104,20.73353573060004,13.455832247103933,292.7291565209964,False,100000101,Tanker,Tanker,MT Fuel 2,9,1,287.472962229084
2025-09-26 20:46:11.907575,55.6407847650449,21.14011875460226,14.407171251749574,319.20946261643377,False,100000101,Tanker,Tanker,MT Tanker 2,12,0,323.38402254236
2025-09-26 20:47:44.064851,55.49143339815185,21.333242041349823,15.522308858749266,133.19462283890377,False,100000401,Pleasure craft,Pleasure craft,SY Spirit 2,9,1,138.67375868582747
2025-09-26 20:47:44.064851,55.334160672689066,21.4904789703042,13.998530788954923,137.8421355545853,False,100000401,Pleasure craft,Pleasure craft,MY Central Wind,6,1,142.33614443225167
2025-09-26 20:47:44.064851,55.65040407511179,21.17459941127708,14.366545108829868,130.37412078234325,False,100000401,Pleasure craft,Pleasure craft,SY Dream 2,1,0,124.19411525236669
2025-09-26 20:52:41.891869,55.68065447500772,20.919188805020124,14.529457460474045,254.8195232354582,False,100000002,Cargo,Cargo,MV Coastal Merchant,4,0,248.32606338253413
2025-09-26 20:52:41.891869,55.60581888536858,20.696265113586485,14.207556206649238,252.9359937950563,False,100000002,Cargo,Cargo,SS Coastal Express,6,1,262.37388468861684
2025-09-26 20:52:41.891869,55.755979044583235,21.143453837910414,11.788467762328864,252.0637063244166,False,100000002,Cargo,Cargo,MV Cargo 3,15,0,257.5605088628356
2025-09-26 20:56:30.297909,55.928218566712275,20.69821272458284,11.957838201717136,295.9970579307304,False,100000101,Tanker,Tanker,MV Energy 2,1,0,290.2466313686372
2025-09-26 20:56:30.297909,55.792835660168876,20.970216490464086,13.237278738926014,298.95373190424544,False,100000101,Tanker,Tanker,VLCC West Liquid,6,0,300.00661663021793
2025-09-26 20:57:47.978571,55.45993913768293,21.364271538160317,16.305891338554176,130.04824638005394,False,100000401,Pleasure craft,Pleasure craft,SY Wind 2,3,0,131.06295864090384
2025-09-26 20:57:47.978571,55.30451163451602,21.520439322385226,13.997482687557135,136.87584973537946,False,100000401,Pleasure craft,Pleasure craft,MY Baltic Sea,6,0,144.08662329655127
2025-09-26 20:57:47.978571,,,16.074928384197342,138.3637561925044,True,100000401,Pleasure craft,Pleasure craft,MY Freedom 2,14,1,128.64033505254014
2025-09-26 20:58:04.127218,55.65202615494221,20.805527540879147,12.036439819319982,240.148145738567,True,100000402,Pleasure craft,Pleasure craft,MY South Spirit,13,0,242.35568644747755
2025-09-26 20:58:04.127218,55.65466405773895,20.831772650444275,10.80232735488214,246.64359187716798,False,100000402,Pleasure craft,Pleasure craft,SY Dream 3,11,1,237.28765532387789
2025-09-26 20:58:04.127218,55.581369199794764,20.68922644037217,11.418812074755968,239.44332045235345,False,100000402,Pleasure craft,Pleasure craft,SY Freedom 3,2,1,248.12221569712446
2025-09-26 20:59:14.116351,55.67471366140255,21.104989639088398,11.41303865868242,312.78702860803315,False,100000101,Tanker,Tanker,VLCC North Tanker,13,0,304.7630634312428
2025-09-26 21:03:27.915223,55.59278394645569,20.658239417646325,15.073590437412596,255.85181933012356,False,100000002,Cargo,Cargo,MS West Commerce,9,0,246.83079022965455
2025-09-26 21:03:27.915223,55.668014347369336,20.882305508573797,11.423789139611511,253.0809130318743,False,100000002,Cargo,Cargo,MS Coastal Commerce,12,0,246.32812203388673
2025-09-26 21:03:27.915223,,,14.518688770222441,254.9041545509628,True,100000002,Cargo,Cargo,SS Trade 3,7,0,245.4102402715688
2025-09-26 21:04:35.617159,55.729124740128135,21.149333693906723,7.066874531592369,316.24318208279385,False,100000004,Cargo,Cargo,MS Carrier 5,8,0,317.7109414130031
2025-09-26 21:04:35.617159,55.89599960226908,20.898168825041058,8.845003219094252,294.5366080075469,False,100000004,Cargo,Cargo,MV Coastal Commerce,12,0,304.0166727158338
2025-09-26 21:04:35.617159,55.81187298658738,21.06577978096437,6.961398874104897,293.7487220251869,False,100000004,Cargo,Cargo,MV North Express,12,0,295.93383115026353
2025-09-26 21:06:48.688243,55.685770116826035,21.05809962534756,13.603475470425266,292.69264807661506,True,100000101,Tanker,Tanker,MV West Marine,3,1,288.4414803403334
2025-09-26 21:06:48.688243,55.945210329056245,20.665241897347506,13.940954201360684,297.09545472284304,False,100000101,Tanker,Tanker,MT Fuel 2,0,1,288.1848970918073
2025-09-26 21:07:51.892292,55.27152646805476,21.552177220636615,17.098784110919745,131.20200544625928,False,100000401,Pleasure craft,Pleasure craft,MY Freedom 2,2,0,133.06024915900875
2025-09-26 21:07:51.892292,55.42984851643597,21.396194173327515,16.823073293234078,137.53402432071283,False,100000401,Pleasure craft,Pleasure craft,SY Freedom 2,0,1,144.0082031310655
2025-09-26 21:07:51.892292,55.5874432583147,21.238740696611746,15.83089931338619,136.14743897689897,False,100000401,Pleasure craft,Pleasure craft,SY East Wind,15,0,136.20249035646688
2025-09-26 21:12:16.325126,55.96069143559673,20.63932653585118,13.974242239604616,316.850196102091,True,100000101,Tanker,Tanker,ATB Coastal Liquid,10,0,323.21460504657836
2025-09-26 21:14:13.938578,55.656243108404205,20.845314817172234,13.879500158159203,252.19179482849268,False,100000002,Cargo,Cargo,MS Carrier 3,11,0,252.4550902827793
2025-09-26 21:14:13.938578,55.58194157848302,20.621121316885265,13.498496584937515,253.5995056466741,False,100000002,Cargo,Cargo,MS Trade 3,14,1,253.72470836906544
2025-09-26 21:14:13.938578,55.731306923079636,21.069622056967834,13.342473045801032,256.3761124932898,False,100000002,Cargo,Cargo,MV Baltic Freight,0,0,256.6480391296329
2025-09-26 21:17:07.078577,55.82708422091797,20.90294596376047,15.212308886873902,293.588236639831,False,100000101,Tanker,Tanker,ATB East Liquid,11,1,285.67507221907323
2025-09-26 21:17:07.078577,55.96347257946124,20.63066110341294,13.7816754521858,300.5499218531841,False,100000101,Tanker,Tanker,ATB North Fuel,1,0,297.0032828457354
2025-09-26 21:17:28.553805,55.74988940091202,21.127880227604184,8.888352712156337,317.8254075295258,False,100000004,Cargo,Cargo,SS West Trade,0,0,311.2692295398051
2025-09-26 21:17:55.806012,55.555585115420016,21.269902541169444,15.02727178715872,138.60422741214742,False,100000401,Pleasure craft,Pleasure craft,MY North Wind,11,1,140.1544308183321
2025-09-26 21:17:55.806012,55.39896822894856,21.427568342756356,14.1645477602723,130.04116651161635,False,100000401,Pleasure craft,Pleasure craft,SY Baltic Adventure,4,0,125.06980396330849
2025-09-26 21:17:55.806012,55.24120699560082,21.583231561270043,16.55927413078927,131.74099528724508,False,100000401,Pleasure craft,Pleasure craft,MY North Wave,6,0,126.52335849357286
2025-09-26 21:24:57.737303,55.756313072910125,21.104588671188402,7.012175968946229,296.10639935450655,True,100000004,Cargo,Cargo,MS Central Transport,13,1,287.1949133968779
2025-09-26 21:24:57.737303,55.83265942765804,21.023277261127735,6.335177910812116,300.6078848988126,False,100000004,Cargo,Cargo,MV East Trade,9,0,294.7800567802984
2025-09-26 21:24:59.961932,55.71842103342506,21.031706097315844,12.066387928259921,250.107354195554,False,100000002,Cargo,Cargo,SS Baltic Freight,12,1,257.2759564756948
2025-09-26 21:24:59.961932,,,12.077103021430883,249.06516226097688,True,100000002,Cargo,Cargo,MS South Transport,12,1,259.03992243260404
2025-09-26 21:24:59.961932,55.64320093815356,20.80724827384356,12.771412400352576,252.73126220014157,False,100000002,Cargo,Cargo,MS South Trade,6,0,262.50198969263334
2025-09-26 21:25:18.533902,55.741723146968965,21.03753605716746,14.926570859842661,318.46612251645246,False,100000101,Tanker,Tanker,MT Marine 2,14,0,315.3597101364837
2025-09-26 21:27:25.468912,55.745332221649775,21.024763942253443,13.674611046773581,296.6555568952373,True,100000101,Tanker,Tanker,MT West Marine,3,1,290.8924398557583
2025-09-26 21:27:25.468912,55.74909728188319,21.010949471409017,14.685367583271379,295.8364228796331,True,100000101,Tanker,Tanker,MV Marine 2,7,0,300.7758356721294
2025-09-26 21:30:21.490451,55.77005249271018,21.10716810607408,7.8506068378623795,312.77419190921444,False,100000004,Cargo,Cargo,SS Commerce 5,6,0,310.9011159309962
2025-09-26 21:35:45.985287,55.55566039993767,20.545084619671492,11.28559192756495,256.4236035640983,False,100000002,Cargo,Cargo,MS Coastal Express,6,1,258.75258354816293
2025-09-26 21:35:45.985287,55.70522924134495,20.995320646227025,11.951189528815235,250.5053020221955,False,100000002,Cargo,Cargo,SS Central Freight,5,0,258.85825504746845
2025-09-26 21:35:45.985287,55.631257091381784,20.770840807165534,14.40018696386452,253.4017471364919,False,100000002,Cargo,Cargo,MV Commerce 3,6,1,256.63004498241185
2025-09-26 21:37:43.859246,55.996489832776206,20.563193140153327,15.091135670203357,297.8491770455081,False,100000101,Tanker,Tanker,VLCC Marine 2,1,0,291.8787345666226
2025-09-26 21:37:43.859246,,,13.8086835302203,293.0445398070052,True,100000101,Tanker,Tanker,MT Energy 2,11,0,291.06378974860996
2025-09-26 21:38:20.742677,55.77631933369775,21.003610958646345,12.435548016109603,318.47261681689804,False,100000101,Tanker,Tanker,ATB Central Tanker,12,1,312.2178222416942
2025-09-26 21:41:47.457091,55.621345865386694,21.154357240408707,17.546034435021532,248.92497948483404,False,100000303,Fishing,Fishing,RV East Ocean,4,1,245.19425897354637
2025-09-26 21:41:47.457091,55.58793664600477,21.053580816792298,17.664178250914166,250.82527095475555,False,100000303,Fishing,Fishing,FV South Wave,12,1,252.52023685817198
2025-09-26 21:41:47.457091,55.55313507534372,20.95509749483364,16.61166996305164,251.7163785981362,False,100000303,Fishing,Fishing,RV Catch 4,0,1,249.25662634065907
2025-09-26 21:43:14.427097,55.79107294692083,21.086118137127734,6.692436860384472,319.3368023457347,False,100000004,Cargo,Cargo,MS Merchant 5,15,1,317.23827621767776
2025-09-26 21:45:17.745821,55.682249008503526,21.125257898250336,12.099619347057413,120.17712608051622,False,100000301,Fishing,Fishing,FV West Ocean,12,1,121.38261853362798
2025-09-26 21:45:17.745821,55.59713649473448,21.295489753700874,9.495021871943903,114.25494211213959,False,100000301,Fishing,Fishing,FV Fleet 2,2,1,116.76208715122124
2025-09-26 21:45:17.745821,55.51289684401591,21.46425673377583,11.091769298847089,117.56123056457831,False,100000301,Fishing,Fishing,FV West Current,6,1,108.04433625267328
2025-09-26 21:45:19.857448,55.85362747615818,20.981715633658496,7.7189827003478655,295.6543511729329,False,100000004,Cargo,Cargo,SS East Merchant,0,0,295.7884307553176
2025-09-26 21:45:19.857448,55.93833576864592,20.81432357723436,7.781622401028322,296.88019338116817,False,100000004,Cargo,Cargo,MS East Carrier,3,0,304.6381699827218
2025-09-26 21:46:32.008641,55.69222355326933,20.957282907040362,12.008240120844906,255.46107916806574,False,100000002,Cargo,Cargo,MS Express 3,4,0,249.9791348702669
2025-09-26 21:46:32.008641,,,11.231008298053013,247.456240086867,True,100000002,Cargo,Cargo,MS Cargo 3,7,1,247.54429002772596
2025-09-26 21:46:32.008641,,,14.48228911885139,256.41792613487974,True,100000002,Cargo,Cargo,MV Commerce 3,5,0,247.688356510337
2025-09-26 21:47:15.243169,55.54646056086248,20.90769753983822,18.18739126926154,256.02075744743456,True,100000303,Fishing,Fishing,RV Fisher 4,7,0,255.99125265016562
2025-09-26 21:47:15.243169,55.53793998146408,20.861579626910967,18.066944455851388,251.91420315953383,True,100000303,Fishing,Fishing,RV Catch 4,9,1,256.52596696786605
2025-09-26 21:47:15.243169,55.61272688281131,21.128062012254013,15.838411164921343,252.87894522295292,False,100000303,Fishing,Fishing,FV Wave 4,13,0,252.88727214707362
2025-09-26 21:48:02.249580,55.8783678156089,20.801277877517197,11.24663406860741,296.50052142048986,False,100000101,Tanker,Tanker,MV West Petrol,8,0,288.96413353865154
2025-09-26 21:48:02.249580,56.014169037566,20.529363756852444,13.991680945952742,301.06117764842907,False,100000101,Tanker,Tanker,MV East Marine,11,1,303.76034766890814
2025-09-26 21:52:43.029247,55.605743682080075,21.087859795499543,15.636957217820495,252.9044739538608,True,100000303,Fishing,Fishing,FV Fleet 4,4,1,246.7746251243501
2025-09-26 21:52:43.029247,55.59470976373185,21.041452756869027,18.72216226598961,247.17342110823552,True,100000303,Fishing,Fishing,RV West Ocean,4,0,242.3505993760413
2025-09-26 21:52:43.029247,55.6029579788853,21.10409458368762,18.503109795987324,249.39487580219608,False,100000303,Fishing,Fishing,RV Central Marine,7,1,241.6722105122006
2025-09-26 21:56:07.363743,55.95814939354514,20.778425668978148,9.406381645468276,314.5805477433258,True,100000004,Cargo,Cargo,MV Cargo 5,13,0,310.1600338546114
2025-09-26 21:58:10.815325,55.561585682879695,20.979886286682454,17.791586003873263,246.69990986791694,False,100000303,Fishing,Fishing,RV Coastal Current,5,1,251.77246249449263
2025-09-26 21:58:10.815325,55.52887822801803,20.878928878265192,16.876824562896275,249.20272807078436,False,100000303,Fishing,Fishing,RV East Marine,3,1,241.2160216270005
2025-09-26 21:58:10.815325,55.595212115629515,21.078333417065608,16.045092679877154,249.69337411627896,False,100000303,Fishing,Fishing,FV Central Current,2,1,249.78101578102246
2025-09-26 21:58:20.639914,55.8944286450069,20.766583938624883,11.494606872538148,293.8770466300701,False,100000101,Tanker,Tanker,VLCC Coastal Crude,7,0,297.2774957690592
2025-09-26 21:58:20.639914,56.03115340429691,20.495054233562634,13.234778135037605,296.6152430807135,False,100000101,Tanker,Tanker,ATB Central Liquid,1,1,288.64883123659416
2025-09-26 22:01:40.290880,55.66086250547013,21.167801886300808,8.504908403059126,119.98353461791729,False,100000301,Fishing,Fishing,FV West Marine,10,1,118.5059347266916
2025-09-26 22:01:40.290880,55.49046480563778,21.506259970893815,8.914252431198861,113.20080365621241,False,100000301,Fishing,Fishing,RV Baltic Ocean,15,0,111.28716497447023
2025-09-26 22:01:40.290880,55.57600731385076,21.338289026714907,9.424138118762173,117.0794312192094,False,100000301,Fishing,Fishing,FV Ocean 2,4,1,117.55876411984302
2025-09-26 22:03:38.601403,55.58696024302213,21.054115248941034,16.753280271840044,248.21626288325893,False,100000303,Fishing,Fishing,FV Marine 4,4,1,239.76429406093692
2025-09-26 22:03:38.601403,55.521608161994834,20.85388180186365,15.67028921473442,248.08142480254833,False,100000303,Fishing,Fishing,FV Ocean 4,6,0,256.9854072919429
2025-09-26 22:03:38.601403,55.553527747464216,20.953830216426905,17.465931316888938,252.93118534365516,False,100000303,Fishing,Fishing,RV Current 4,8,0,252.74825102882534
2025-09-26 22:05:41.977592,55.95989933607996,20.771401989621,7.644266228764899,294.1601394130028,False,100000004,Cargo,Cargo,SS Baltic Commerce,11,1,299.2461272187571
2025-09-26 22:05:41.977592,55.87487842985568,20.939033609172167,6.816816708109503,298.4179485360912,False,100000004,Cargo,Cargo,MS Central Commerce,7,1,297.08446240097015
2025-09-26 22:08:39.030248,55.911296093202665,20.732641608744025,12.984551900037289,301.15772695304724,False,100000101,Tanker,Tanker,MT Marine 2,14,0,291.7705272741183
2025-09-26 22:08:39.030248,,,11.50425248358285,299.53967991229706,True,100000101,Tanker,Tanker,ATB West Crude,6,0,305.8205813409265
2025-09-26 22:18:02.835938,55.55393515099967,21.380779323169705,8.812550349864942,116.13546868148357,False,100000301,Fishing,Fishing,RV East Catch,1,0,114.5342131630998
2025-09-26 22:18:02.835938,55.4703697411197,21.54881359233958,11.76863992861331,115.34581875835053,False,100000301,Fishing,Fishing,RV West Ocean,1,1,107.35624407197736
2025-09-26 22:18:02.835938,55.63941413431314,21.210059098123303,9.922282705283976,113.49399653480663,False,100000301,Fishing,Fishing,RV East Catch,4,1,113.84993934447637
2025-09-26 22:26:04.097736,55.89595894913262,20.897674896036904,10.21478357084644,291.8816634206138,False,100000004,Cargo,Cargo,MV Freight 5,8,1,297.3305613705075
2025-09-26 22:26:04.097736,55.98000648301754,20.730827302131235,8.270673962004409,298.20677355156187,False,100000004,Cargo,Cargo,MV South Cargo,0,0,302.33434554807127
2025-09-26 22:34:25.380997,55.53338378077304,21.421875578338852,11.002684102121462,121.30049160078764,False,100000301,Fishing,Fishing,FV Central Sea,5,0,121.26764233152684
2025-09-26 22:34:25.380997,55.61922128796378,21.252684960679037,9.862506308359809,115.2576668616331,False,100000301,Fishing,Fishing,RV Fleet 2,11,1,111.77291456690003
2025-09-26 22:34:25.380997,,,10.012234789396008,111.62328430837144,True,100000301,Fishing,Fishing,RV Fisher 2,9,0,111.14596398503511
2025-09-26 22:50:47.926055,55.427896240295055,21.633587681705638,11.664274980023361,115.96452170585128,False,100000301,Fishing,Fishing,RV Central Current,14,1,122.69684030919026
2025-09-26 22:50:47.926055,55.513206613120005,21.465570029054966,9.881286590282896,117.45852606844716,False,100000301,Fishing,Fishing,FV Marine 2,11,1,121.15443732814192
2025-09-26 22:50:47.926055,55.59767400698437,21.295062742284994,9.186388633951125,120.14593493290724,False,100000301,Fishing,Fishing,FV East Catch,5,1,119.56839788775912
2025-09-26 22:53:26.165334,55.46845390849113,20.879789006982946,14.346676252503695,245.2855177561385,False,100000201,Passenger,Passenger,RV North Cruise,15,0,255.1675927780475
2025-09-26 22:53:26.165334,55.544729375997115,21.03440928584171,13.983696954478388,242.2923055415888,False,100000201,Passenger,Passenger,RV Express 2,1,0,236.46818693381476
2025-09-26 22:53:26.165334,55.62142967854103,21.188964105468386,15.943618799812887,241.72210639904083,False,100000201,Passenger,Passenger,MS Baltic Cruise,5,0,243.91548990368787
2025-09-26 23:03:40.967676,55.52548734642441,20.995156602743513,14.557327433647886,246.1959169671597,False,100000201,Passenger,Passenger,MV Discovery 2,5,0,249.02647983058415
2025-09-26 23:03:40.967676,55.602687390850654,21.149333736836308,14.786222396622412,248.38937674477933,False,100000201,Passenger,Passenger,MS Adventure 2,6,0,245.99771599488764
2025-09-26 23:03:40.967676,55.44798215432405,20.840326211414794,16.585158585509486,242.1400762608367,False,100000201,Passenger,Passenger,RV Ferry 2,3,0,241.7069213489215
2025-09-26 23:13:55.770017,55.58346931779781,21.11154149912725,13.50379905991355,239.91803880669818,False,100000201,Passenger,Passenger,MV West Explorer,5,1,238.83086429283122
2025-09-26 23:13:55.770017,55.42959970107402,20.802709296511733,17.064740135282364,247.5130841393712,False,100000201,Passenger,Passenger,RV Voyager 2,8,1,252.95829686135792
2025-09-26 23:13:55.770017,55.50543459118323,20.956689374330995,13.288864818517647,242.8631791583329,False,100000201,Passenger,Passenger,MS Coastal Express,15,1,250.51644872343707
2025-09-26 23:24:10.572359,55.481971979104344,20.883325450179882,16.745786848302814,240.54613456847918,True,100000201,Passenger,Passenger,MS Adventure 2,11,1,242.38095483049494
2025-09-26 23:24:10.572359,55.487492540850845,20.918154531959928,14.954432101270292,246.47702958146922,False,100000201,Passenger,Passenger,MS Coastal Ferry,4,0,249.4038168563733
2025-09-26 23:24:10.572359,,,14.711646786986881,244.00390806840772,True,100000201,Passenger,Passenger,RV South Cruise,2,1,253.66947856132117
2025-09-26 23:34:25.374701,55.389513868776824,20.723988611315967,17.039488056470717,239.65885222021848,False,100000201,Passenger,Passenger,RV Passenger 2,4,1,248.8345318316475
2025-09-26 23:34:25.374701,55.467258760287756,20.879532064899305,15.946636445456441,248.3419587371253,False,100000201,Passenger,Passenger,MS South Cruise,2,1,247.13787962695295
2025-09-26 23:34:25.374701,55.5458434158129,21.03379501563497,16.690092304614396,246.3612957720514,False,100000201,Passenger,Passenger,MV Central Express,6,0,244.14795292243008
2025-09-26 23:57:30.059335,55.97244337123967,21.349110717564656,13.826107912943264,48.76767208801988,False,100000403,Pleasure craft,Pleasure craft,SY East Spirit,2,1,51.81616333829654
2025-09-26 23:57:30.059335,55.67851579647463,21.05524149040286,11.232993867819946,43.77981118998349,False,100000403,Pleasure craft,Pleasure craft,MY West Ocean,2,0,53.18255270481052
2025-09-26 23:57:30.059335,55.82592457495881,21.201616835733944,14.19784284929547,42.41284856869963,False,100000403,Pleasure craft,Pleasure craft,MY North Adventure,7,1,41.146970939624325
2025-09-27 00:09:29.459932,56.002197563005865,21.37873963179936,11.735379512664885,45.5256559009725,False,100000403,Pleasure craft,Pleasure craft,SY Wind 4,5,0,51.34770998496059
2025-09-27 00:09:29.459932,55.85554670326222,21.231904454069422,12.356650244722877,41.38484468598638,False,100000403,Pleasure craft,Pleasure craft,SY Ocean 4,1,0,35.82792944491577
2025-09-27 00:09:29.459932,55.70772427139954,21.08506036837405,12.931660249492495,43.666661480558595,False,100000403,Pleasure craft,Pleasure craft,MY Wave 4,3,1,50.7622766865951
2025-09-27 00:21:28.860529,55.7400021548519,21.145209089598506,14.036740237328383,46.39455906079286,True,100000403,Pleasure craft,Pleasure craft,MY North Wind,12,1,46.63321612120684
2025-09-27 00:21:28.860529,55.73770982169574,21.11400793214122,10.94134982487541,42.6830292018278,False,100000403,Pleasure craft,Pleasure craft,MY Ocean 4,13,1,34.63479912276615
2025-09-27 00:21:28.860529,55.88439812734494,21.261468704279984,13.4712885320538,44.136433473101405,False,100000403,Pleasure craft,Pleasure craft,MY Adventure 4,14,1,51.82655226391206
2025-09-27 00:33:28.261126,55.916579701367645,21.323069827025552,14.161296172025988,47.03258011807293,True,100000403,Pleasure craft,Pleasure craft,MY Coastal Wind,0,1,41.75634299543884
2025-09-27 00:33:28.261126,55.91323193692418,21.29063054302716,13.341105981534938,41.685933537762125,False,100000403,Pleasure craft,Pleasure craft,MY South Freedom,2,1,38.09137243642156
2025-09-27 00:33:28.261126,,,13.220066882688325,46.35356853499666,True,100000403,Pleasure craft,Pleasure craft,MY Wave 4,5,0,43.37015279822603
2025-09-27 00:45:27.661723,55.79655962400539,21.173513165832087,13.628996034989587,42.76407527576336,False,100000403,Pleasure craft,Pleasure craft,MY South Sea,14,1,41.47932187119923
2025-09-27 00:45:27.661723,55.94371984179793,21.31953344220441,13.157701201125482,49.423280556165,False,100000403,Pleasure craft,Pleasure craft,MY East Ocean,5,0,51.49847593982005
2025-09-27 00:45:27.661723,56.089560338413996,21.465654640233243,14.149386128516536,47.9326686092315,False,100000403,Pleasure craft,Pleasure craft,MY Coastal Adventure,13,0,53.09656939438692
2025-09-27 00:57:27.062319,56.120309133399616,21.49495858601128,11.258042435119417,41.14251104908433,False,100000403,Pleasure craft,Pleasure craft,MY Wind 4,14,0,49.05065036473841
2025-09-27 00:57:27.062319,,,14.305291592152809,46.325828361509,True,100000403,Pleasure craft,Pleasure craft,MY West Ocean,1,1,36.657856560607414
2025-09-27 00:57:27.062319,55.97258411780868,21.347902484507628,13.986671455940314,45.15831814683506,False,100000403,Pleasure craft,Pleasure craft,MY East Wind,13,1,38.68277747276858
2025-09-27 01:02:31.251509,55.68454268830287,21.006711547997448,9.448518307815728,249.033370777879,False,100000404,Pleasure craft,Pleasure craft,MY North Wave,11,1,248.38016674239333
2025-09-27 01:02:31.251509,55.63448889733239,20.857723799349902,12.102807945840283,250.57821400997904,False,100000404,Pleasure craft,Pleasure craft,MY Adventure 5,11,1,255.28563139606874
2025-09-27 01:02:31.251509,55.732925192334534,21.155481380225794,12.002194299813253,249.0780750301111,False,100000404,Pleasure craft,Pleasure craft,MY Freedom 5,7,0,243.79276240231974
2025-09-27 01:07:04.090100,55.74161906051401,20.968492104236944,10.04299912710476,295.6848080274093,False,100000100,Tanker,Tanker,MV Crude 1,11,0,303.0860770911599
2025-09-27 01:07:04.090100,55.62520680881351,21.086139741255266,13.092765776989175,316.83999174192195,False,100000100,Tanker,Tanker,VLCC Crude 1,14,0,314.07516460987546
2025-09-27 01:07:04.090100,55.858613324724054,20.735181346478974,10.85970676246934,299.90020174118166,False,100000100,Tanker,Tanker,MT West Energy,12,1,295.37374853823076
2025-09-27 01:16:02.133808,55.72053124943861,21.1196747212618,9.253044113222433,251.32121731521423,False,100000404,Pleasure craft,Pleasure craft,SY East Spirit,2,0,252.36029155110793
2025-09-27 01:16:02.133808,55.62200690757777,20.820470946944983,8.93722042221362,255.760526106661,False,100000404,Pleasure craft,Pleasure craft,MY West Ocean,13,1,251.81143072305863
2025-09-27 01:16:02.133808,,,9.577692003208659,252.5004023332905,True,100000404,Pleasure craft,Pleasure craft,MY North Ocean,1,0,253.22047858699193
2025-09-27 01:20:21.435278,55.655340343755945,21.05570643844591,12.574234552240426,313.1325821641335,False,100000100,Tanker,Tanker,MV Coastal Petrol,5,0,306.0027117343773
2025-09-27 01:21:04.565715,55.87863922500435,20.69612163400675,10.250742380340647,293.5567552294743,False,100000100,Tanker,Tanker,ATB Baltic Crude,6,0,284.81946830712684
2025-09-27 01:21:04.565715,,,11.247536159660447,291.6349065581843,True,100000100,Tanker,Tanker,VLCC Crude 1,14,0,284.0501015273545
2025-09-27 01:29:33.016106,55.71006245283138,21.081227340417623,9.928488371643926,249.5979753532634,False,100000404,Pleasure craft,Pleasure craft,SY Adventure 5,4,0,255.98499148540805
2025-09-27 01:29:33.016106,55.65984409818355,20.932466085800616,12.263351270612011,251.16802737086738,False,100000404,Pleasure craft,Pleasure craft,MY West Dream,12,0,249.09492584904564
2025-09-27 01:29:33.016106,55.61015600764824,20.784414017218136,9.341081880322555,248.76616761758385,False,100000404,Pleasure craft,Pleasure craft,SY North Sea,3,1,254.84010736134567
2025-09-27 01:33:38.780456,55.68461743388286,21.02696218322875,12.751630906401529,312.47029292756724,False,100000100,Tanker,Tanker,MV Tanker 1,12,0,314.61011459764234
2025-09-27 01:35:05.041329,55.898949832809436,20.657556907162956,10.88329712746099,293.80614766024405,False,100000100,Tanker,Tanker,MT Liquid 1,11,0,288.34802523082334
2025-09-27 01:35:05.041329,55.781238497647166,20.889641049354875,9.228528909641986,297.96195881216977,False,100000100,Tanker,Tanker,MV Marine 1,10,0,303.92884549338396
2025-09-27 01:43:03.898405,55.69651050189941,21.04407105521383,9.813155168444837,247.52637886188484,False,100000404,Pleasure craft,Pleasure craft,MY Coastal Wind,5,1,242.310998933372
2025-09-27 01:43:03.898405,55.59708761852058,20.747064361416125,8.922174743753377,253.48785631809437,False,100000404,Pleasure craft,Pleasure craft,MY North Wind,1,1,246.12581309159057
2025-09-27 01:43:03.898405,,,10.370630503453999,256.5121814370603,True,100000404,Pleasure craft,Pleasure craft,SY Ocean 5,13,1,265.0862085159491
2025-09-27 01:45:54.937438,55.80221186498043,21.115344864824134,15.714150932395128,46.67540796762535,False,100000300,Fishing,Fishing,FV East Ocean,5,0,53.132309610300524
2025-09-27 01:45:54.937438,55.7353428592614,21.047661435101855,13.882032326819376,47.9247292020448,False,100000300,Fishing,Fishing,RV Baltic Fleet,6,1,43.26344074373496
2025-09-27 01:45:54.937438,55.86946289992909,21.181376741250915,16.586391275770133,44.96635687485514,False,100000300,Fishing,Fishing,RV Baltic Fleet,2,0,53.67426002825939
2025-09-27 01:46:56.125634,55.71300496281327,20.996962422827195,9.427137369843292,311.8888626243363,False,100000100,Tanker,Tanker,VLCC Baltic Fuel,7,0,320.02409126826404
2025-09-27 01:49:05.516944,55.91731330273728,20.61812381935335,11.204941467055372,295.8456370504849,False,100000100,Tanker,Tanker,MT Baltic Fuel,10,0,287.7392913463143
2025-09-27 01:49:05.516944,55.80061422345655,20.851479558477344,10.252752429591853,298.44450204501385,False,100000100,Tanker,Tanker,ATB Liquid 1,6,1,288.6911658200992
2025-09-27 01:51:20.447656,55.88846465061279,21.210824545143353,16.6911470632105,41.00791875187885,True,100000300,Fishing,Fishing,FV South Marine,0,0,46.128211471180165
2025-09-27 01:51:20.447656,55.88555517587094,21.197756089471145,17.45790458648675,45.785090975613,False,100000300,Fishing,Fishing,RV West Catch,14,0,41.97696687877084
2025-09-27 01:51:20.447656,55.81874958180505,21.131237005807108,16.5617554607403,46.9378773348946,False,100000300,Fishing,Fishing,FV Catch 1,9,1,39.14307441667124
2025-09-27 01:56:34.780704,55.6343513468479,20.857983968792375,11.811719110832492,249.35996349547173,False,100000404,Pleasure craft,Pleasure craft,SY Wind 5,14,0,254.3016350137127
2025-09-27 01:56:34.780704,55.58572109097054,20.709118238785223,8.475622284039467,250.58485469040252,False,100000404,Pleasure craft,Pleasure craft,MY Baltic Freedom,5,0,250.14475134592448
2025-09-27 01:56:34.780704,,,9.972292323695342,256.5060949670472,True,100000404,Pleasure craft,Pleasure craft,MY Baltic Sea,10,0,256.69804648859525
2025-09-27 01:56:45.957875,55.903281575233464,21.215639793352402,15.785822788740136,43.76172276397849,False,100000300,Fishing,Fishing,FV Coastal Fleet,5,1,38.83556544242086
2025-09-27 01:56:45.957875,55.83617286549506,21.148117033556517,16.262411453932405,40.28066989480249,False,100000300,Fishing,Fishing,RV South Sea,7,0,33.416568670155996
2025-09-27 01:56:45.957875,55.76825307623972,21.08121394425406,15.415447938994326,44.313661765579596,False,100000300,Fishing,Fishing,RV West Catch,11,1,44.97213304582657
2025-09-27 02:00:13.470812,55.82307791873493,20.80487574746123,11.146929269847247,310.61515839163957,True,100000100,Tanker,Tanker,MV North Crude,6,0,302.0900870420904
2025-09-27 02:02:11.468093,55.85223725464983,21.16439493997181,16.988721829247346,47.354572380429964,False,100000300,Fishing,Fishing,RV Ocean 1,0,0,45.15661095054442
2025-09-27 02:02:11.468093,,,15.169045901695574,45.405063867513825,True,100000300,Fishing,Fishing,FV Current 1,7,1,40.0257413249048
2025-09-27 02:02:11.468093,55.78629771451348,21.097768628617192,14.099678468224987,46.22350134665167,False,100000300,Fishing,Fishing,FV Fleet 1,6,0,43.63631606833628
2025-09-27 02:03:05.992559,55.9371138125374,20.579260909249246,11.042470168459388,295.31118080718517,False,100000100,Tanker,Tanker,VLCC Petrol 1,0,1,302.9776592937047
2025-09-27 02:03:05.992559,55.8201350406991,20.812456102585816,12.404167459566578,294.9531364858583,False,100000100,Tanker,Tanker,VLCC Baltic Fuel,2,0,290.89605574155354
2025-09-27 02:07:36.978312,55.937276899059626,21.248334489380053,17.50512169894956,49.34115390934234,False,100000300,Fishing,Fishing,FV West Current,6,0,41.27937554981427
2025-09-27 02:07:36.978312,,,16.848257151695496,48.22364731130993,True,100000300,Fishing,Fishing,RV Ocean 1,10,0,46.083413664496106
2025-09-27 02:07:36.978312,55.86856495297087,21.181076066585447,15.103998519036853,40.97977157355694,False,100000300,Fishing,Fishing,FV Current 1,12,1,48.76592209088722
2025-09-27 02:17:06.468174,55.83934702831265,20.77403709797649,12.970529482105608,295.849634798514,False,100000100,Tanker,Tanker,MT Oil 1,13,1,286.70129420832416
2025-09-27 02:17:06.468174,55.95705827269097,20.539935805453364,11.51702364284097,298.2175408291696,False,100000100,Tanker,Tanker,MT Fuel 1,0,1,295.2450223634869
2025-09-27 02:31:06.943788,55.860124643451925,20.73444158619376,10.525452792680513,292.09565285198613,False,100000100,Tanker,Tanker,MV North Energy,3,1,300.5706995009611
2025-09-27 02:31:06.943788,55.97678508810333,20.500435051538087,10.80665763538883,291.8020793322552,False,100000100,Tanker,Tanker,ATB Tanker 1,11,0,292.8032715137131
2025-09-27 03:30:56.137767,55.556938897027216,20.550374033826767,17.820687877170958,246.8884354643659,False,100000103,Tanker,Tanker,ATB Baltic Energy,10,0,241.53927239277456
2025-09-27 03:30:56.137767,55.63473041012333,20.788668691586302,16.4715733620032,255.74390788846645,False,100000103,Tanker,Tanker,ATB Tanker 4,14,0,262.21551881989114
2025-09-27 03:30:56.137767,55.71516779639791,21.02475209548727,16.03914449416584,248.72452375302342,False,100000103,Tanker,Tanker,VLCC Energy 4,4,1,253.84950558033836
2025-09-27 03:39:43.881063,55.622299749884064,20.747673595868203,16.698220542340117,254.8937351212636,False,100000103,Tanker,Tanker,MT Marine 4,0,1,258.0280643390266
2025-09-27 03:39:43.881063,55.54321526515873,20.510159979368737,17.87934440985923,254.04873962478976,False,100000103,Tanker,Tanker,ATB South Crude,11,1,247.16701189006918
2025-09-27 03:39:43.881063,,,15.239384961749431,251.0408027045342,True,100000103,Tanker,Tanker,VLCC Tanker 4,8,0,257.0705841016768
2025-09-27 03:47:37.140792,56.09854765045688,21.531312603245972,15.18271260771164,46.53517178791424,False,100000003,Cargo,Cargo,MV Commerce 4,12,1,45.87334945584371
2025-09-27 03:47:37.140792,55.906991895376336,21.34036274214713,16.163166025861045,45.117604853387576,False,100000003,Cargo,Cargo,MV Express 4,6,0,42.152535275164915
2025-09-27 03:47:37.140792,55.71484984229726,21.14740857816546,16.16049442352085,41.54062412230394,False,100000003,Cargo,Cargo,MS Transport 4,9,1,44.19960683534411
2025-09-27 03:48:31.624358,55.687539633409415,20.946096860157304,18.918858193530784,252.8678117204534,False,100000103,Tanker,Tanker,MV Marine 4,14,1,257.7538036175971
2025-09-27 03:48:31.624358,55.530657541657014,20.471788949409813,17.917255605051487,247.6940493585058,False,100000103,Tanker,Tanker,VLCC Baltic Oil,4,1,249.60561682775486
2025-09-27 03:48:31.624358,55.6100557151386,20.70775694817935,17.736256767575462,247.70588582420285,False,100000103,Tanker,Tanker,MV Marine 4,15,1,257.63602149986923
2025-09-27 03:57:04.641143,55.74073551291056,21.17422762981358,15.565850045805218,42.872122448790556,False,100000003,Cargo,Cargo,MS Freight 4,1,0,45.51168251309063
2025-09-27 03:57:04.641143,55.93419824924883,21.36721316704209,13.174038957547442,43.72204386832388,False,100000003,Cargo,Cargo,MS Express 4,7,1,35.03833269149458
2025-09-27 03:57:04.641143,56.1261765428791,21.55886512773602,12.899997024392688,44.169533979792305,False,100000003,Cargo,Cargo,SS Coastal Transport,0,1,49.56767771009412
2025-09-27 03:57:19.367654,55.600785757844726,20.64030090527642,16.031821193446337,256.32553117182795,True,100000103,Tanker,Tanker,MV North Marine,15,0,250.8611432553758
2025-09-27 03:57:19.367654,55.51743427375208,20.43211428493943,18.59299372688278,254.65731462870124,False,100000103,Tanker,Tanker,MT Baltic Crude,6,1,247.31807172630926
2025-09-27 03:57:19.367654,55.675977015251966,20.906115868494375,18.619091946297722,251.77326131223944,False,100000103,Tanker,Tanker,MT Oil 4,11,0,257.61093947466475
2025-09-27 04:06:07.110949,55.662455755228144,20.867632161011805,15.617008595495317,250.18040088639933,False,100000103,Tanker,Tanker,MV Petrol 4,2,0,255.1166762979073
2025-09-27 04:06:07.110949,,,17.61434331374665,248.29745771609507,True,100000103,Tanker,Tanker,VLCC Tanker 4,3,0,249.66290070515973
2025-09-27 04:06:07.110949,55.50402460239645,20.39177295384687,15.459043640082518,251.27744313673497,False,100000103,Tanker,Tanker,MT Petrol 4,10,0,249.53619931447955
2025-09-27 04:06:32.141493,55.76827704361656,21.202659412926604,14.677854665036797,49.28750465018523,False,100000003,Cargo,Cargo,MS Central Cargo,8,1,42.67421623639222
2025-09-27 04:06:32.141493,,,14.65697138375175,42.37535315268732,True,100000003,Cargo,Cargo,MV North Freight,6,1,44.065981341084616
2025-09-27 04:06:32.141493,56.15395449616346,21.588015447241773,14.195608588444045,42.977897760488005,False,100000003,Cargo,Cargo,MV Baltic Freight,9,1,44.24044087464498
2025-09-27 04:14:54.854245,55.49031946780261,20.35268452817283,15.297114759083737,253.8744445564445,False,100000103,Tanker,Tanker,ATB Oil 4,5,0,261.1746907950787
2025-09-27 04:14:54.854245,55.64874273698881,20.8278874028012,17.238021775694353,254.45171140138075,False,100000103,Tanker,Tanker,ATB Energy 4,15,0,254.39441100942415
2025-09-27 04:14:54.854245,55.568887107268175,20.590464184204066,17.76370891622687,256.5319164174475,False,100000103,Tanker,Tanker,MV Marine 4,0,0,255.7478430008234
2025-09-27 04:15:59.641844,56.18224263661743,21.61367195856229,13.701527539769707,44.557089111326775,False,100000003,Cargo,Cargo,SS Carrier 4,6,1,48.42495997908529
2025-09-27 04:15:59.641844,,,14.797342025618583,49.20439349169601,True,100000003,Cargo,Cargo,SS Carrier 4,4,0,52.980945443320905
2025-09-27 04:15:59.641844,55.98900143598688,21.421092061326846,16.74002220062805,40.33435477326607,False,100000003,Cargo,Cargo,SS South Commerce,4,0,39.51845969832022
2025-09-27 04:23:42.597541,55.55690092432377,20.551340368667017,17.365542718834007,248.09003591165896,False,100000103,Tanker,Tanker,ATB Central Fuel,8,1,239.05776025871882
2025-09-27 04:23:42.597541,55.63661860552621,20.788542739283002,16.108508444300394,246.88796426107479,False,100000103,Tanker,Tanker,ATB Crude 4,4,0,245.8425761082455
2025-09-27 04:23:42.597541,55.47722951092676,20.312573238684223,17.547040287407203,256.5406183308869,False,100000103,Tanker,Tanker,VLCC Crude 4,5,1,257.0128808265362
2025-09-27 04:25:27.142195,55.82371182731365,21.257055967100488,14.534498080575625,47.35987631511394,False,100000003,Cargo,Cargo,MS Trade 4,5,1,43.672521737561766
2025-09-27 04:25:27.142195,56.017347084011206,21.450254814771252,16.475021111714916,45.02163592938943,False,100000003,Cargo,Cargo,MV Cargo 4,3,1,36.95626014875692
2025-09-27 04:25:27.142195,56.209646503681284,21.641578975167423,15.616811693256476,40.556693851927164,False,100000003,Cargo,Cargo,MS Carrier 4,13,0,47.12889502059133
2025-09-27 04:34:54.642545,55.85182488969538,21.28503624003027,16.442028554826113,45.06380702030966,False,100000003,Cargo,Cargo,MS West Merchant,6,1,37.877589558873765
2025-09-27 04:34:54.642545,56.04348415298786,21.476258694028566,13.67031890563077,49.68279369232266,False,100000003,Cargo,Cargo,MS Express 4,9,1,57.07385102313706
2025-09-27 04:34:54.642545,,,15.414783026585239,41.4075274950341,True,100000003,Cargo,Cargo,SS Express 4,1,0,40.382067118526976
2025-09-27 04:35:50.479732,55.50915954042059,20.847178378145234,9.439454142274672,248.380813748512,False,100000200,Passenger,Passenger,MS West Cruise,2,1,252.24759477783962
2025-09-27 04:35:50.479732,,,9.278682043728386,243.98794693406128,True,100000200,Passenger,Passenger,MS Adventure 1,13,1,235.28976764731559
2025-09-27 04:35:50.479732,55.649883478202426,21.12677227188347,9.740520351783363,244.07940143477305,False,100000200,Passenger,Passenger,MV Central Voyager,4,1,253.64474229682168
2025-09-27 04:44:22.142896,56.07055706893513,21.524039859622857,14.454001230391494,44.59065971861472,True,100000003,Cargo,Cargo,MV East Trade,1,1,40.28829430071501
2025-09-27 04:44:22.142896,56.07194212412376,21.504324230350587,16.28448653650711,45.264505313680765,False,100000003,Cargo,Cargo,MS Trade 4,0,1,38.969179452272016
2025-09-27 04:44:22.142896,55.87848317273267,21.311568007634197,13.582548125581946,40.626653430042936,False,100000003,Cargo,Cargo,MV Baltic Commerce,14,1,39.7432428329679
2025-09-27 04:53:22.012190,55.63226604931646,21.091800574659512,9.52607976338241,240.2097736623443,False,100000200,Passenger,Passenger,MS Central Voyager,3,1,249.4994534511447
2025-09-27 04:53:22.012190,,,8.207562312653483,240.01834606584944,True,100000200,Passenger,Passenger,MS Ferry 1,11,0,235.4094946485072
2025-09-27 04:53:22.012190,55.493226812599964,20.812070522377734,7.178613661606514,245.38958431903853,False,100000200,Passenger,Passenger,MV Baltic Explorer,5,0,245.5617815150722
2025-09-27 04:53:49.643247,56.291634594068704,21.72428463757564,14.925720952371599,45.85525460703563,False,100000003,Cargo,Cargo,MS East Express,0,1,37.28074020178614
2025-09-27 04:53:49.643247,55.9073714166545,21.340381915384636,16.036067502311294,48.388426015876654,False,100000003,Cargo,Cargo,MS Trade 4,12,1,40.25225510026072
2025-09-27 04:53:49.643247,56.09951502937136,21.53237023633677,14.595437326592476,40.50964715154947,False,100000003,Cargo,Cargo,MV Carrier 4,6,1,47.352228090729334
2025-09-27 05:10:53.544647,55.61478998589572,21.055954466232524,8.085511575829363,238.7297954713974,False,100000200,Passenger,Passenger,RV Baltic Passenger,4,1,247.70517325812813
2025-09-27 05:10:53.544647,55.47425154594775,20.776266839557888,7.423482471351326,248.2640165626918,False,100000200,Passenger,Passenger,RV Discovery 1,14,1,244.39503166299505
2025-09-27 05:10:53.544647,55.54563864581491,20.916387019578462,6.422504259469545,244.94522463608772,False,100000200,Passenger,Passenger,RV Central Passenger,12,0,237.81614671838855
2025-09-27 05:28:25.077105,55.527251365570855,20.881919004975256,9.536088620237946,241.1903036893816,False,100000200,Passenger,Passenger,MV West Ferry,4,1,247.53290994288275
2025-09-27 05:28:25.077105,,,7.45070315608004,248.15839323741153,True,100000200,Passenger,Passenger,MV Passenger 1,5,1,250.92846472727513
2025-09-27 05:28:25.077105,55.59791464727449,21.020883217238268,7.9277152374291635,239.07957069027538,False,100000200,Passenger,Passenger,RV Explorer 1,1,0,237.86453360374628
2025-09-27 05:45:56.609562,55.439175693619276,20.706317729958357,7.9296209569702345,240.23207733783508,False,100000200,Passenger,Passenger,MV Express 1,15,0,248.00308905601915
2025-09-27 05:45:56.609562,,,7.869228988190404,238.86850672431314,True,100000200,Passenger,Passenger,MS East Passenger,8,0,242.1099557156806
2025-09-27 05:45:56.609562,55.58040036854366,20.98655501083982,8.152775751361979,246.4132044770099,False,100000200,Passenger,Passenger,MV Discovery 1,7,1,256.0177668594374
2025-09-27 06:16:36.487606,55.808835698625096,21.22183302983112,10.540333766752028,45.18531915886902,False,100000006,Cargo,Cargo,MS Central Commerce,8,0,37.887610389314474
2025-09-27 06:16:36.487606,55.69769061525918,21.110430267299787,12.529429393190734,42.79144719287058,False,100000006,Cargo,Cargo,MS North Merchant,6,1,33.62309455815047
2025-09-27 06:16:36.487606,55.92263497201483,21.33514625247849,12.740092272284242,48.486776579764914,False,100000006,Cargo,Cargo,SS East Commerce,1,0,45.026842438667586
2025-09-27 06:28:40.261409,55.950056613498674,21.36384598600263,12.246469846128608,42.81302258131443,False,100000006,Cargo,Cargo,MS Express 7,3,0,38.294863919673446
2025-09-27 06:28:40.261409,55.72483469387658,21.138511295049124,10.123908889199813,49.05746690277365,False,100000006,Cargo,Cargo,MS Freight 7,12,1,52.139747643812186
2025-09-27 06:28:40.261409,55.837822375545315,21.250459558433555,11.015944547114659,48.98829971827576,False,100000006,Cargo,Cargo,SS Transport 7,11,0,57.052295613731054
2025-09-27 06:37:11.447206,55.67927773417252,21.00867414699288,9.0271669215303,131.84447886811122,False,100000102,Tanker,Tanker,MT Fuel 3,2,1,133.80370343958094
2025-09-27 06:37:11.447206,55.53949483683619,21.147361022896632,7.845214196694439,133.2624325146247,False,100000102,Tanker,Tanker,MT East Crude,8,0,131.93587270836125
2025-09-27 06:37:11.447206,55.60813339874077,21.077475091323347,10.540094633462255,133.78498761242793,False,100000102,Tanker,Tanker,MT Crude 3,13,1,137.95612193571145
2025-09-27 06:40:44.035212,55.97953371808145,21.392263005294357,10.464826577831401,43.01947783917382,False,100000006,Cargo,Cargo,MS Cargo 7,0,1,33.55763655033738
2025-09-27 06:40:44.035212,55.75282790769987,21.165931187735005,10.473833889313518,48.58473894073306,False,100000006,Cargo,Cargo,SS Commerce 7,2,0,40.45856109750403
2025-09-27 06:40:44.035212,55.86680163619385,21.278350642579387,10.897074335719518,47.91040283818827,False,100000006,Cargo,Cargo,MV Freight 7,14,0,44.45990085801887
2025-09-27 06:47:16.361281,55.58625000680065,21.112620935868208,10.538911360887814,137.78638496682686,True,100000102,Tanker,Tanker,ATB Oil 3,0,0,139.0899636934373
2025-09-27 06:47:16.361281,55.59179676705743,21.096156292176012,6.959152236613857,134.70504202939088,False,100000102,Tanker,Tanker,ATB East Oil,0,0,129.2495450326479
2025-09-27 06:47:16.361281,,,7.72500480920748,130.55558471517415,True,100000102,Tanker,Tanker,VLCC Petrol 3,13,1,134.0887712478835
2025-09-27 06:52:47.809015,55.78242397801727,21.19336337077245,11.831129249140623,43.622063932950226,False,100000006,Cargo,Cargo,MV Express 7,11,0,48.19232398299071
2025-09-27 06:52:47.809015,56.006897256091385,21.420046229222876,11.831568275470673,43.81377840857208,False,100000006,Cargo,Cargo,SS Coastal Trade,6,1,42.71870639629249
2025-09-27 06:52:47.809015,55.8948887044088,21.30725887424521,10.882555119058885,45.234519889296344,False,100000006,Cargo,Cargo,MV Coastal Commerce,4,1,46.33324455103695
2025-09-27 06:57:21.275356,55.64444664686051,21.043446964900753,9.143101834914464,135.27520483773952,False,100000102,Tanker,Tanker,MT Tanker 3,9,1,141.07807420143936
2025-09-27 06:57:21.275356,55.57441433364011,21.113825941993554,9.908222261919544,139.22369979685487,False,100000102,Tanker,Tanker,VLCC West Oil,1,1,137.42927562461063
2025-09-27 06:57:21.275356,,,9.269902873894855,135.93371169232128,True,100000102,Tanker,Tanker,VLCC Coastal Crude,8,1,145.85220245726833
2025-09-27 06:58:02.172919,55.764231844877656,21.03746354931799,16.87894742643281,299.1706198460616,False,100000202,Passenger,Passenger,MS Coastal Ferry,8,1,300.15396912627085
2025-09-27 06:58:02.172919,55.8757454494727,20.814766720715642,16.376608686409845,299.6076808305745,False,100000202,Passenger,Passenger,RV Express 3,5,1,298.53560487478114
2025-09-27 06:58:02.172919,55.653669121244505,21.148479131792463,13.384252772511207,314.19590471274216,False,100000202,Passenger,Passenger,RV Baltic Cruise,10,1,310.2734686010118
2025-09-27 07:04:51.582818,56.03463879799855,21.44765526201219,12.704892311974643,47.277158330150705,False,100000006,Cargo,Cargo,SS South Merchant,11,0,56.836544487600385
2025-09-27 07:04:51.582818,55.92328697533394,21.335603678285363,12.330194742861245,48.44992359325488,False,100000006,Cargo,Cargo,MS Baltic Merchant,0,0,49.25602892292052
2025-09-27 07:04:51.582818,55.80997737013361,21.222880505892057,11.334839275914433,46.807253092951406,False,100000006,Cargo,Cargo,MS North Merchant,3,0,48.064268780235075
2025-09-27 07:07:19.447875,55.685757380173264,21.097354624672967,16.705644817266084,318.0476296179289,True,100000202,Passenger,Passenger,RV Passenger 3,0,1,324.9397761985726
2025-09-27 07:07:26.189431,55.62546207528488,21.059750638007735,9.788928829993575,136.1458647665878,False,100000102,Tanker,Tanker,ATB Coastal Energy,1,1,144.20131514167136
2025-09-27 07:07:26.189431,55.48723295545425,21.20156442758404,10.25837398277877,137.59216168705444,False,100000102,Tanker,Tanker,VLCC Central Energy,12,0,146.69925381135027
2025-09-27 07:07:26.189431,55.555951037339106,21.130052067400317,9.927197803280075,132.37250147172853,False,100000102,Tanker,Tanker,VLCC Baltic Oil,8,0,123.05136328925944
2025-09-27 07:07:49.592300,55.783561909703685,21.000555531121627,15.777977846460775,293.73398985272536,False,100000202,Passenger,Passenger,MS West Ferry,9,1,287.32374148558006
2025-09-27 07:07:49.592300,55.89489307573123,20.776868375513086,16.14013237899039,296.5666804138498,False,100000202,Passenger,Passenger,MS Central Passenger,13,1,304.5176977521079
2025-09-27 07:16:36.722830,55.70893326681287,21.09277479313134,14.167077137361169,316.0571711619648,False,100000202,Passenger,Passenger,RV Central Explorer,14,1,309.44196589863697
2025-09-27 07:17:31.103505,55.53842995420257,21.149010959955664,10.281593203368462,130.50806498220513,False,100000102,Tanker,Tanker,MV East Liquid,8,1,127.80075778563412
2025-09-27 07:17:31.103505,55.60947981256368,21.078665929539312,8.861579669435896,132.46458188549224,False,100000102,Tanker,Tanker,ATB East Tanker,9,0,141.47977879264315
2025-09-27 07:17:31.103505,55.46818455623198,21.21892616523466,9.215508930567815,135.59214063242823,False,100000102,Tanker,Tanker,ATB Energy 3,1,1,137.24428251193703
2025-09-27 07:17:37.011681,55.710520889582256,21.086305238996015,14.228515254982078,293.53651066896214,True,100000202,Passenger,Passenger,MV Explorer 3,4,1,303.38331532747577
2025-09-27 07:17:37.011681,55.800947500509196,20.961876577231454,17.07211488812277,294.45771593215966,False,100000202,Passenger,Passenger,MV East Cruise,15,0,291.3546254604083
2025-09-27 07:25:53.997786,55.736333505262635,21.06515497230576,14.668856775799124,315.46260412812467,False,100000202,Passenger,Passenger,RV Passenger 3,4,0,308.41787024440606
2025-09-27 07:27:24.431061,55.930789098512136,20.703504735143184,15.660372097259383,297.46703217681096,False,100000202,Passenger,Passenger,MV Adventure 3,0,1,304.58252211558744
2025-09-27 07:27:24.431061,55.819802615687315,20.926255287229075,16.942468807839937,292.72261386418023,False,100000202,Passenger,Passenger,MV Passenger 3,0,1,297.1270806579762
2025-09-27 07:32:46.586606,,,12.776756322521674,310.5122086831888,True,100000001,Cargo,Cargo,SS Freight 2,9,1,311.1618021219681
2025-09-27 07:32:46.586606,55.81426848567508,20.9275853885939,14.044818183990948,298.5260810784773,False,100000001,Cargo,Cargo,MS Express 2,5,1,302.1131432777351
2025-09-27 07:32:46.586606,55.94735773514601,20.66101700823939,14.560679534138341,300.0716010831338,False,100000001,Cargo,Cargo,SS South Commerce,0,1,299.212935908461
2025-09-27 07:35:11.272741,55.76532416430054,21.036175627291797,15.68944552353933,313.3804362231983,False,100000202,Passenger,Passenger,MS Express 3,12,1,304.6569466596029
2025-09-27 07:37:11.850442,55.76948177107543,21.023810218332883,14.502184021664284,300.86469417178523,True,100000202,Passenger,Passenger,MV West Explorer,7,1,303.64678537454944
2025-09-27 07:37:11.850442,55.95024878584677,20.665461989510412,14.721813170611561,300.7359380108831,False,100000202,Passenger,Passenger,RV South Passenger,14,1,304.1649946658511
2025-09-27 07:43:34.854178,55.83235382917673,20.88991243946432,14.81360747443246,294.78915906547917,False,100000001,Cargo,Cargo,MV South Cargo,8,0,294.17735003653553
2025-09-27 07:43:34.854178,55.966521678746425,20.622813147011115,13.537079202789045,294.9517309402649,False,100000001,Cargo,Cargo,SS Merchant 2,7,0,299.59021411717015
2025-09-27 07:44:44.087328,55.71409258183,21.027394499032898,13.399687416458947,310.6169217509714,False,100000001,Cargo,Cargo,MV Trade 2,1,1,316.217127125935
2025-09-27 07:46:59.269823,55.96964756895294,20.627867369526612,16.266062365792692,294.2901074649231,False,100000202,Passenger,Passenger,MS Baltic Passenger,14,0,290.2376418497693
2025-09-27 07:46:59.269823,55.858171551615364,20.850643249845053,15.510726275953536,292.4243804286064,False,100000202,Passenger,Passenger,RV South Explorer,11,1,302.34198370579156
2025-09-27 07:54:23.121751,55.98489895464787,20.585501490012394,15.167920612207979,295.11655779798673,False,100000001,Cargo,Cargo,MV Baltic Express,11,1,287.95059582313746
2025-09-27 07:54:23.121751,,,15.831040805132908,301.3802756226491,True,100000001,Cargo,Cargo,MS South Commerce,13,0,304.8832994440413
2025-09-27 07:56:41.588049,55.748219172388055,20.9951219424693,15.5459852082808,313.6112218449333,False,100000001,Cargo,Cargo,MV Central Commerce,12,1,311.97948307558215
2025-09-27 07:56:46.689204,55.87534897420541,20.815153427274222,16.259261553250404,293.281649966039,False,100000202,Passenger,Passenger,RV Discovery 3,10,0,296.7020673741163
2025-09-27 07:56:46.689204,55.98697590096091,20.592107694721378,16.40154714862142,299.171324504429,False,100000202,Passenger,Passenger,RV Discovery 3,15,0,306.2999515987992
2025-09-27 08:01:17.676980,55.74707136663767,20.99396199422809,15.34768044527922,244.29998721881205,False,100000000,Cargo,Cargo,MS Coastal Commerce,10,1,251.43994191478635
2025-09-27 08:01:17.676980,,,13.374705575502805,239.5409265315556,True,100000000,Cargo,Cargo,SS Trade 1,14,1,238.8832437625449
2025-09-27 08:01:17.676980,55.78767322054484,21.07576103550678,14.759669394630174,239.3216928406039,False,100000000,Cargo,Cargo,MS Baltic Merchant,0,0,248.45841802385183
2025-09-27 08:05:11.389323,56.00358240466577,20.546216295028067,12.909921407180233,297.80798838290934,False,100000001,Cargo,Cargo,MV Carrier 2,14,1,303.9992704290068
2025-09-27 08:05:11.389323,55.870755161567345,20.814389833344976,14.185430661046235,296.5482007096152,False,100000001,Cargo,Cargo,MV Trade 2,2,0,287.8542917401978
2025-09-27 08:07:21.816191,55.77687051570035,21.056372383953896,14.723366758079855,247.8013385695189,False,100000000,Cargo,Cargo,MV Carrier 1,3,1,244.24431161662721
2025-09-27 08:07:21.816191,55.73720040765151,20.975433452699505,14.032248728066392,242.08096164467523,False,100000000,Cargo,Cargo,SS Freight 1,5,1,245.35645347666107
2025-09-27 08:07:21.816191,55.69630029964025,20.89342985688526,12.768877420563793,245.03153564087987,False,100000000,Cargo,Cargo,MS Freight 1,12,1,252.7689655337752
2025-09-27 08:08:39.088771,55.78111785978439,20.961135491194657,12.34666318037428,312.65519747327716,False,100000001,Cargo,Cargo,MS Coastal Express,3,0,312.809323075194
2025-09-27 08:13:25.955402,55.765855765353265,21.035760266732137,14.33061006063279,241.3663946537314,False,100000000,Cargo,Cargo,MV Central Freight,6,0,248.56925929705085
2025-09-27 08:13:25.955402,55.727177233097805,20.954497124188894,13.341914657675613,239.21832542055753,False,100000000,Cargo,Cargo,MV West Merchant,15,0,247.35079323907567
2025-09-27 08:13:25.955402,55.685803403635326,20.873895760026578,11.805132214021121,242.73609147415934,False,100000000,Cargo,Cargo,MS Cargo 1,8,1,233.16490199845632
2025-09-27 08:15:59.656895,55.79617184717964,20.909177729885954,16.097397805322657,297.25827539922625,True,100000001,Cargo,Cargo,MV Commerce 2,3,0,298.22041206321035
2025-09-27 08:15:59.656895,56.022585322015345,20.509014291792035,12.452909185821413,294.0178659288981,False,100000001,Cargo,Cargo,MS Merchant 2,11,0,299.2493770020433
2025-09-27 08:19:30.094613,55.7568909710977,21.014274484696774,12.926919384766837,241.99675146427342,False,100000000,Cargo,Cargo,MV West Cargo,12,1,243.5459032268245
2025-09-27 08:19:30.094613,,,14.509255791977854,244.18846942708652,True,100000000,Cargo,Cargo,MV Cargo 1,0,0,235.01573510866785
2025-09-27 08:19:30.094613,55.67613591237978,20.852585836498083,12.995443004709356,239.15663655433355,False,100000000,Cargo,Cargo,MS South Cargo,9,0,248.97835613540673
2025-09-27 08:20:36.589493,56.03541214330236,20.484642632516806,14.577157434428026,313.28109536635156,True,100000001,Cargo,Cargo,SS Coastal Commerce,11,1,311.0920616639967
2025-09-27 08:25:34.233824,55.70611207324794,20.913978973209478,14.2034841171296,240.40191375759017,False,100000000,Cargo,Cargo,MS Freight 1,0,0,238.22885099626595
2025-09-27 08:25:34.233824,,,14.740955575658903,245.2445018539974,True,100000000,Cargo,Cargo,SS Cargo 1,13,1,242.03533948838606
2025-09-27 08:25:34.233824,55.664643614692565,20.832118363572683,12.231221339218173,243.9203271308587,False,100000000,Cargo,Cargo,MS Baltic Express,15,0,245.69641490946674
2025-09-27 08:26:47.924468,55.909306423678025,20.738201711880002,15.783538401521927,292.6505434041922,False,100000001,Cargo,Cargo,MS Coastal Transport,14,1,287.36845438536193
2025-09-27 08:26:47.924468,56.04176463147831,20.46991474936027,14.276098051649427,298.6690931533058,False,100000001,Cargo,Cargo,MS South Cargo,12,1,290.0288600188394
2025-09-27 08:37:36.192040,56.06179674917613,20.432384412349457,12.268078382116535,293.6980439315028,False,100000001,Cargo,Cargo,SS Express 2,15,1,285.0729653574218
2025-09-27 08:37:36.192040,55.92795751966947,20.700177462687154,13.243075601879207,298.1316874607058,False,100000001,Cargo,Cargo,MV Commerce 2,11,1,299.1974626918788
2025-09-27 08:48:24.459612,55.946057521799474,20.633083206089825,13.88572825405543,295.7121996810718,True,100000001,Cargo,Cargo,SS Coastal Express,7,0,294.43026748788924
2025-09-27 08:48:24.459612,56.08113783898471,20.394714442168635,15.057655656631837,297.0526525387837,False,100000001,Cargo,Cargo,SS South Commerce,14,0,303.34426111283784
